{
  "xs": [
    0.5,
    0.75,
    1.0,
    1.75,
    3.25
  ],
  "ys": [
    0.25,
    0.375,
    1.0208333333333333,
    2.3333333333333335,
    3.2916666666666665
  ],
  "n_training_pairs": 30,
  "fit_mae": 0.6595
}
